SITE_ID,DO,TEMP,PH
NLA06608-0001,8.855555556,14.97777778,8.233333333
NLA06608-0002,0,23.19875,5.35
NLA06608-0003,7.0125,29.8375,8.275
NLA06608-0004,5.978571429,19.47142857,8.321428571
NLA06608-0005,7.736,18.7,8.014
NLA06608-0006,6.406,10.9602,6.8344
NLA06608-0007,5.24225,11.075,5.879
NLA06608-0008,3.016666667,24.71666667,8.1
NLA06608-0010,5.1,18.216,7.912
NLA06608-0012,5.864,25.301,7.559
NLA06608-0013,0,23.88,5.53
NLA06608-0014,8,19.83,9.4
NLA06608-0015,6.98,24.45333333,8.126666667
NLA06608-0016,7.29375,23.7875,8.2
NLA06608-0019,4.728,21.9,8.77
NLA06608-0020,2.544827586,16.15862069,7.15862069
NLA06608-0021,9.591666667,16.30583333,7.484583333
NLA06608-0023,7.96,28.21,8.3
NLA06608-0024,3.16,27.424,7
NLA06608-0025,0,21.21875,7.0875
NLA06608-0029,8.85,25.56666667,8.283333333
NLA06608-0031,3.558333333,21.10833333,7.083333333
NLA06608-0033,1.4,17.02857143,6.7
NLA06608-0036,5.166666667,27.19166667,7.841666667
NLA06608-0037,3.936296296,17.77037037,7.634814815
NLA06608-0038,6.388461538,15.66153846,7.061538462
NLA06608-0041,9.155555556,19.19351852,7.205555556
NLA06608-0042,7.765517241,10.41034483,6.713793103
NLA06608-0043,2.429411765,13.51470588,7.758823529
NLA06608-0044,8.2,24.35714286,8.5
NLA06608-0045,5.06125,26.525,7.7
NLA06608-0048,4.5,26.82727273,8.127272727
NLA06608-0049,8.3,17.575,8.15
NLA06608-0050,4.595454545,16.84181818,6.223636364
NLA06608-0053,7.192142857,20.89285714,3.325714286
NLA06608-0057,0,26.00818182,6.970909091
NLA06608-0061,3.175757576,20.9,7.778787879
NLA06608-0062,8.015384615,20.08923077,9.053846154
NLA06608-0064,7.644444444,14.34555556,8.844444444
NLA06608-0065,7.523823529,15.06176471,8.279411765
NLA06608-0066,7.263414634,17.85121951,7.143902439
NLA06608-0068,6.762162162,8.897297297,7.697297297
NLA06608-0069,6.004444444,29.35555556,6.033333333
NLA06608-0071,3.799166667,30.12666667,7.985
NLA06608-0072,2.838571429,24.68571429,8.25
NLA06608-0073,5.369565217,13.05434783,9.3
NLA06608-0076,4.856,26.048,8.012
NLA06608-0077,0,23.74,8.41
NLA06608-0078,7.876666667,18.59833333,9.091666667
NLA06608-0079,6.671428571,7.512857143,7.865714286
NLA06608-0080,6.576923077,28.65384615,8.046153846
NLA06608-0081,3.322222222,12.00555556,7.083333333
NLA06608-0083,6.29,22.11,8.88625
NLA06608-0085,6.6125,20.2125,8.6625
NLA06608-0086,3.346875,14.165625,7.71875
NLA06608-0089,0,22.34230769,7.361538462
NLA06608-0090,5.98125,13.775,6.93125
NLA06608-0091,6.175,27.8375,9.43125
NLA06608-0099,6.084871795,15.49230769,8.056410256
NLA06608-0101,8.180909091,20.20727273,5.347272727
NLA06608-0102,10.7284375,11.204375,6.2634375
NLA06608-0104,7.45,27.5125,8.1125
NLA06608-0105,6.251,18.701,8.296
NLA06608-0107,5.16,24.82,7.68
NLA06608-0110,5.688461538,21.1,8.123846154
NLA06608-0111,4.699230769,19.47846154,7.716923077
NLA06608-0112,3.55,23.16,9.16
NLA06608-0113,4.907142857,13.54285714,7.721428571
NLA06608-0115,6.677777778,13.43333333,8.122222222
NLA06608-0116,4.611111111,20.21851852,7.385185185
NLA06608-0120,3.6095,24.36975,7.212
NLA06608-0124,11.16666667,25.4,9.5
NLA06608-0126,9.341666667,19.11083333,9.008333333
NLA06608-0127,8.533333333,20.76666667,9.2
NLA06608-0128,5.4625,17.2,9.075
NLA06608-0129,8.590625,11.1296875,8.2078125
NLA06608-0130,2.072727273,20.82727273,7.254545455
NLA06608-0132,4.961428571,21.07142857,8.228571429
NLA06608-0134,6.052380952,14.32666667,7.157142857
NLA06608-0137,5.757142857,12.33928571,7.471428571
NLA06608-0139,3.3,19.91111111,7.744444444
NLA06608-0140,7.4875,25.925,8.76
NLA06608-0141,7.45,21.3,7.9
NLA06608-0142,3.741176471,17.41176471,7.088235294
NLA06608-0144,3.088461538,26.08461538,7.838461538
NLA06608-0148,4.5125,21.675,7.7125
NLA06608-0149,3.927272727,14.89090909,7.209090909
NLA06608-0150,4.694583333,20.32041667,8.14875
NLA06608-0152,0,0,0
NLA06608-0153,4.416666667,27.7,7.183333333
NLA06608-0155,4,23.18888889,8.766666667
NLA06608-0158,6.134,22.375,7.981
NLA06608-0161,6.5,31.32,8.44
NLA06608-0162,8.033333333,23.73333333,6.333333333
NLA06608-0167,3.375,23.05,9.025
NLA06608-0168,3.816666667,22.28333333,7.283333333
NLA06608-0169,8.930555556,15.59722222,8.515
NLA06608-0170,8.925,19.9,7.725
NLA06608-0173,4.8,28.16666667,7.666666667
NLA06608-0174,5.268181818,18.88636364,8.165454545
NLA06608-0175,2.857142857,24.11428571,7.914285714
NLA06608-0176,3.96,27.68,7.68
NLA06608-0177,7.031578947,11.13684211,7.257894737
NLA06608-0179,6.19,18.98333333,8.503333333
NLA06608-0180,6.39,28.074,8.23
NLA06608-0181,5.824137931,12.47586207,8.131034483
NLA06608-0183,6.113,23.49,8.535
NLA06608-0184,3.56,25.56,7.66
NLA06608-0185,7.18,23.66,6.8
NLA06608-0189,8.09,16.64636364,7.598181818
NLA06608-0190,4.242857143,17.42857143,7.614285714
NLA06608-0191,0,14.50606061,6.466666667
NLA06608-0193,11.55,9.95,7.45
NLA06608-0195,7.748,21.464,8.266
NLA06608-0196,5.314285714,21.68571429,8.785714286
NLA06608-0198,7.472142857,24.22857143,6.583571429
NLA06608-0201,6.8,18.13529412,7.735294118
NLA06608-0203,4.14,14.54857143,5.862857143
NLA06608-0204,7.25,22.7125,8.25
NLA06608-0207,5.405555556,28.96888889,6.916666667
NLA06608-0208,4.65,26.35,7.175
NLA06608-0209,5.644897959,13.83265306,7.953061224
NLA06608-0211,5.133333333,21.53333333,9.133333333
NLA06608-0212,2.593333333,21.12666667,7.34
NLA06608-0215,4.754545455,20.53636364,8.3
NLA06608-0216,7.326666667,28.06666667,8.033333333
NLA06608-0217,0,23.76666667,7.216666667
NLA06608-0219,2.636363636,17.36363636,7.7
NLA06608-0220,1.833333333,22.5,9.8
NLA06608-0221,8,28.3,7.85
NLA06608-0222,8.2125,19.4625,8.575
NLA06608-0223,4.50125,28.04875,7.41125
NLA06608-0224,4.955,22.225,7.54
NLA06608-0225,6.005588235,16.19411765,8.214705882
NLA06608-0226,6.2925,22.375,6.275
NLA06608-0228,7.214285714,25.07142857,8.409285714
NLA06608-0229,8.172727273,19.04545455,6.872727273
NLA06608-0234,5.128571429,21.60571429,6.142857143
NLA06608-0235,5.988461538,12.69230769,7.85
NLA06608-0237,6.58,21.95,8.3
NLA06608-0238,5.570833333,14.175,7.516666667
NLA06608-0239,4.505555556,27.93333333,7.3
NLA06608-0240,6.081818182,24.09090909,8.309090909
NLA06608-0241,5.54,21.16,7.86
NLA06608-0242,6.461428571,27.72857143,6.768571429
NLA06608-0243,7.057142857,20.77142857,8.252380952
NLA06608-0244,6.330769231,25.53076923,8.130769231
NLA06608-0245,8.06,24.92,9.07
NLA06608-0247,7.683333333,25.25,8.516666667
NLA06608-0253,4.425,30.2925,6.7925
NLA06608-0254,9.72,20.88,8.52
NLA06608-0255,4.936363636,27.82727273,7.572727273
NLA06608-0257,9.292307692,13.20769231,8.246153846
NLA06608-0259,4.55,21.225,7.64
NLA06608-0260,5.348571429,13.49714286,7.385714286
NLA06608-0268,3.837777778,25.26111111,7.344444444
NLA06608-0271,0,25.6925,8.56
NLA06608-0275,8.405,19.695,8.62
NLA06608-0276,4.720714286,11.56928571,7.035714286
NLA06608-0277,6.066666667,22.72222222,8.666666667
NLA06608-0279,6.82,24.06,9.18
NLA06608-0280,2.98,28.54,6.72
NLA06608-0281,0,25.24,7.66
NLA06608-0283,5.070588235,30.45294118,7.329411765
NLA06608-0284,4.27,29.30333333,7.496666667
NLA06608-0285,9.725,24.55,8.35
NLA06608-0286,6.06,13.385,6.575
NLA06608-0290,7.228571429,19.41428571,8
NLA06608-0291,10.02432432,13.24324324,8.348648649
NLA06608-0293,5.804285714,20.84285714,7.992857143
NLA06608-0294,8.333333333,20.81666667,8.166666667
NLA06608-0295,6.641666667,23.6,8.233333333
NLA06608-0297,0,28.1,6.183333333
NLA06608-0299,2.35,11.785,7.645
NLA06608-0302,6.75,22.8,8.45
NLA06608-0303,5.978,26.164,7.896
NLA06608-0306,6.733333333,21.2,8.266666667
NLA06608-0312,4.28,24.36,7.98
NLA06608-0313,0,27.55,6.05
NLA06608-0318,7.12,20.76,8.32
NLA06608-0319,0,26.01666667,6.733333333
NLA06608-0324,4.5,24.43,7.75
NLA06608-0325,6.075,30.475,8.025
NLA06608-0326,6.376666667,22.82,7.16
NLA06608-0327,5.1,30.96,8.14
NLA06608-0328,7.166666667,29.44444444,7.8
NLA06608-0330,6.8,21.43333333,7.516666667
NLA06608-0332,2.648,22.45666667,7.884333333
NLA06608-0333,4.28,16.99,7.18
NLA06608-0334,6.985714286,20.9,8.6
NLA06608-0337,4.544444444,19.08888889,7.622222222
NLA06608-0339,7.983333333,22.42666667,8.715555556
NLA06608-0340,6.98,14.25333333,7.486666667
NLA06608-0341,8.126666667,19.33333333,7.4825
NLA06608-0343,6.6,19.3,8.65
NLA06608-0344,5.766666667,25.37777778,8.144444444
NLA06608-0345,7.033333333,22.63333333,7.4
NLA06608-0350,3.5,18.6375,7.0875
NLA06608-0354,7.865,25.10166667,6.188333333
NLA06608-0356,0,22.08,9.84
NLA06608-0357,8.121666667,23.90333333,6.445
NLA06608-0358,8.35,21.15,6.425
NLA06608-0359,7.483333333,24.6,8.6
NLA06608-0361,0,27.92,6.86
NLA06608-0363,3.607142857,15.83571429,7.521428571
NLA06608-0366,4.131578947,15.85263158,7.673684211
NLA06608-0367,5.625,22.825,8.083333333
NLA06608-0369,8.2125,10.25625,7.759375
NLA06608-0372,4.342857143,15.21428571,5.538571429
NLA06608-0373,6.696774194,12.95806452,7.309677419
NLA06608-0376,3.196842105,25.37157895,7.333684211
NLA06608-0377,6.94,25.26,8.88
NLA06608-0378,8.970588235,16.90588235,8.441176471
NLA06608-0384,8.9,17.1,8.8
NLA06608-0385,8.233333333,23.63333333,9
NLA06608-0386,3.159230769,18.61538462,7.250769231
NLA06608-0388,0,13.64666667,6.586666667
NLA06608-0393,9.796875,13.996875,7.025
NLA06608-0395,3.909090909,28.76363636,7.709090909
NLA06608-0399,6.36,24.34,7.76
NLA06608-0401,8.103818182,13.34909091,7.373090909
NLA06608-0402,6.775,20.85,8.6375
NLA06608-0403,6.387142857,19.03333333,0
NLA06608-0405,7.525,22.6125,7.425
NLA06608-0406,8.62,16.52,7.28
NLA06608-0407,7.4,24.75,8.8
NLA06608-0408,3.288181818,21.60181818,7.212727273
NLA06608-0413,5.783333333,25.3,7.783333333
NLA06608-0414,4.1,26.4,6.4
NLA06608-0418,7.366666667,24.5,6.533333333
NLA06608-0421,8.19,21.38571429,7.842857143
NLA06608-0425,4.32,21.08,8.84
NLA06608-0426,8.566666667,16.73333333,7.844444444
NLA06608-0432,4.985,27.57166667,7.195
NLA06608-0433,10.49333333,10.055,7.575
NLA06608-0435,4.67,22.75,6.658333333
NLA06608-0436,5.7,20.01111111,6.866666667
NLA06608-0439,4.47,20.5,8.693333333
NLA06608-0440,3.615,26.959,7.52
NLA06608-0442,5.766666667,19.45,8.8
NLA06608-0444,0,0,0
NLA06608-0445,3.855555556,17.15555556,7.177777778
NLA06608-0447,0,17.21875,6.73125
NLA06608-0449,8.457142857,23.44285714,8.828571429
NLA06608-0452,5.4,19.2125,8.375
NLA06608-0453,7.14,28.8,5.8
NLA06608-0454,8.385,25.425,7.4425
NLA06608-0456,3.021428571,27.47857143,7.557142857
NLA06608-0458,6.5375,28.6775,8.5825
NLA06608-0459,4.37,23.55,7.421
NLA06608-0462,7.871428571,20,7.5
NLA06608-0463,5.942857143,24.28571429,7.042857143
NLA06608-0467,2.056923077,13.02230769,7.814230769
NLA06608-0468,6.9,10.23571429,7.228571429
NLA06608-0469,4.716666667,14.26666667,6.75
NLA06608-0470,4.453846154,17.66153846,6.538461538
NLA06608-0471,7.877777778,22.88888889,8.244444444
NLA06608-0472,1.152222222,22.88,6.65
NLA06608-0473,0,25.275,7.3875
NLA06608-0479,5.95,27.48333333,8.233333333
NLA06608-0480,4.402777778,19.20833333,7.713888889
NLA06608-0483,4.7375,24.709375,7.98125
NLA06608-0484,3.566666667,28.53333333,7.133333333
NLA06608-0488,2.84,23.42,6.78
NLA06608-0489,9.56,28.88,9
NLA06608-0491,5.833333333,24.3,7.1
NLA06608-0493,2.80625,17.7625,7.19375
NLA06608-0494,3.1,16.61818182,7.559090909
NLA06608-0495,7.26969697,9.721212121,7.806060606
NLA06608-0496,10.85,22.65,9.7
NLA06608-0497,4.881818182,22.19090909,8.436363636
NLA06608-0498,5.3,20.51428571,7.857142857
NLA06608-0500,1.904347826,22.83043478,6.42173913
NLA06608-0501,7.323529412,16.12941176,7.535294118
NLA06608-0502,4.975,17.575,7.708333333
NLA06608-0503,4.775,25.2,8.35
NLA06608-0508,7.41,28.55,7.87
NLA06608-0509,8.164285714,16.54285714,7.242857143
NLA06608-0510,6.484,21.686,8.594
NLA06608-0511,6.33125,15.375,7.95
NLA06608-0512,7.2,20.45714286,8.5
NLA06608-0514,6.7796,12.0872,7.526
NLA06608-0515,2.60125,21.73125,8.6775
NLA06608-0523,7.148,24.12,8.488
NLA06608-0526,5.214,18.65,6.884
NLA06608-0528,4.518181818,23.16363636,7.681818182
NLA06608-0529,5.833333333,21.53333333,8.611111111
NLA06608-0530,5.398,31.044,8.164
NLA06608-0531,8.27,21.2625,8.2575
NLA06608-0533,7.7125,22.1875,7.6075
NLA06608-0537,6.671428571,16.54285714,6.771428571
NLA06608-0540,7.1,28.05333333,8.29
NLA06608-0541,3.835714286,19.09285714,7.242857143
NLA06608-0542,8.79,21.06,8.72
NLA06608-0546,8.47,25.794,8.452
NLA06608-0547,7.485714286,26.08571429,8.428571429
NLA06608-0550,8.3,23.31111111,6.644444444
NLA06608-0551,3.907857143,20.42857143,9.2
NLA06608-0555,4.3,14.75,7.841666667
NLA06608-0558,3.96,22.94,7.74
NLA06608-0560,7.026666667,23.93333333,8.5
NLA06608-0561,8.607894737,9.105263158,7.015789474
NLA06608-0562,5.160689655,19.65517241,6.169310345
NLA06608-0564,5.619047619,18.38571429,7.614285714
NLA06608-0565,14.6875,23.72,8.515
NLA06608-0569,7.5,23.525,10.25
NLA06608-0570,4.428571429,20.5,8.00952381
NLA06608-0579,7.675,16.7,8.5
NLA06608-0580,5.1,16.29666667,7.65
NLA06608-0581,7.2,17.59375,8.65
NLA06608-0582,3.566666667,20.2,7.2
NLA06608-0583,0.8,29.4,9.72
NLA06608-0585,8.05,21.05,7.9
NLA06608-0587,4.470588235,26.68823529,7.976470588
NLA06608-0588,5.025,26.175,8.05
NLA06608-0590,6.304,23.74,7.506
NLA06608-0591,2.901764706,26.78,7.134705882
NLA06608-0593,5.029166667,8.866666667,7.429166667
NLA06608-0594,3.7425,30.4675,6.28
NLA06608-0595,6.425,20.025,8.6
NLA06608-0596,7.653846154,9.780769231,7.734615385
NLA06608-0597,5.19,22.02,8.47
NLA06608-0599,5.575,28.9625,7.8
NLA06608-0606,5.55,21.8375,8.125
NLA06608-0608,4.5,24.4,8.24
NLA06608-0609,5.96,28.44,9.38
NLA06608-0610,5.05,24.5375,7.225
NLA06608-0611,4.463636364,23.08181818,8.072727273
NLA06608-0614,4.052941176,12.27647059,7.305882353
NLA06608-0616,6.184,26.856,8.124
NLA06608-0617,6.8,18.21666667,7.75
NLA06608-0618,4.328571429,29.1,6.971428571
NLA06608-0619,7.716666667,17.45,7.641666667
NLA06608-0622,0,0,0
NLA06608-0623,6.52,24.8,8.34
NLA06608-0624,5.511818182,19.04545455,7.881818182
NLA06608-0625,6.223076923,10.71538462,6.861538462
NLA06608-0627,7.071428571,21.81428571,7.928571429
NLA06608-0628,7.66,19.6,8.06
NLA06608-0630,9.1,25.275,9.3
NLA06608-0632,5.774444444,26.27777778,7.964444444
NLA06608-0634,5.3,17.8,9.1
NLA06608-0635,5.614285714,22.11428571,8.257142857
NLA06608-0637,4.625,13.6625,8.066666667
NLA06608-0641,5.216666667,18.81666667,8.15
NLA06608-0648,8.433333333,25.33333333,8.9
NLA06608-0649,7.4,16.35714286,8.357142857
NLA06608-0650,6.071428571,21.72857143,8.442857143
NLA06608-0651,7.233333333,27.23333333,8.055555556
NLA06608-0654,7.4,23.1,5.85
NLA06608-0657,9.53,15.54,7.442
NLA06608-0658,7.086956522,13.66521739,6.769565217
NLA06608-0659,6.805714286,21.12142857,8.35
NLA06608-0660,4.188888889,21.62222222,7.922222222
NLA06608-0661,4.733333333,23.11666667,7.416666667
NLA06608-0662,2.16,21.92,7.24
NLA06608-0663,11.25,22.95,9
NLA06608-0665,0,26.4,5.05
NLA06608-0671,5.864,14.416,6.712
NLA06608-0672,11.2,28.7,7.375
NLA06608-0674,8.013333333,23.08666667,6.885
NLA06608-0677,6.2,21.5,8.98
NLA06608-0678,9.775,19.675,8.825
NLA06608-0679,9.36,25.76,8.26
NLA06608-0681,10.34166667,22.56166667,6.931666667
NLA06608-0686,3.95,20.55,9.4
NLA06608-0687,5.878571429,12.96428571,8.442857143
NLA06608-0690,5.928235294,21.55117647,6.587647059
NLA06608-0692,5.671428571,23.77142857,8.228571429
NLA06608-0693,8.7,17.23333333,6.616666667
NLA06608-0696,3.696666667,26.59333333,7.268333333
NLA06608-0707,6.028571429,21.44285714,8.712857143
NLA06608-0709,4.02,28.96,7.26
NLA06608-0710,5.485555556,22.58888889,6.498888889
NLA06608-0711,3.994285714,28.18285714,6.08
NLA06608-0712,4.8,27.7,7.78
NLA06608-0713,7.558333333,18.08333333,8.041666667
NLA06608-0715,7.858333333,11.625,6.933333333
NLA06608-0717,9.56,24.06,8.18
NLA06608-0718,4.443333333,22.50666667,8.67
NLA06608-0720,5.213333333,24.57777778,8.274444444
NLA06608-0721,6.78,20.48,8.16
NLA06608-0723,6.075,25.725,9.375
NLA06608-0724,3.65,27.45,7.8875
NLA06608-0726,6.2625,18.475,6.075
NLA06608-0727,5.88,22.16,8.28
NLA06608-0731,5.4,21.7125,7.8875
NLA06608-0733,8.15,24.1,8.5
NLA06608-0734,7.9,23.725,7.4
NLA06608-0738,7.3,14.62142857,5.235714286
NLA06608-0743,4.033333333,19.76666667,7.522222222
NLA06608-0744,6.3,25.825,8.25
NLA06608-0749,3.475,24.05,6.45
NLA06608-0751,5.436,17.324,6.552
NLA06608-0753,3.957142857,14.47857143,7.846428571
NLA06608-0754,9.054130435,12.81891304,5.775
NLA06608-0755,9.075,20.35,8.2
NLA06608-0756,4.48625,25.69375,7.85
NLA06608-0759,5.4,24.35,9.2
NLA06608-0761,0,22.11666667,8.416666667
NLA06608-0762,8.05,20,8.9
NLA06608-0764,7.990909091,18.60909091,8.090909091
NLA06608-0765,6.2425,20.94,7.1025
NLA06608-0766,3.605294118,17.81058824,8.089411765
NLA06608-0769,5.957142857,23.6,8.185714286
NLA06608-0770,9.4,24.53333333,8.533333333
NLA06608-0771,4.983333333,22.88333333,8.866666667
NLA06608-0775,4.68,26.76,7.64
NLA06608-0779,5.225,25.8,9.1
NLA06608-0781,7.775,24.625,8.3
NLA06608-0782,3.108888889,12.33444444,5.925555556
NLA06608-0783,6.2,25.95,8.55
NLA06608-0785,7.4375,19.6625,8.425
NLA06608-0792,1.833333333,27.74285714,7.547619048
NLA06608-0793,11.8175,19.02875,7.3625
NLA06608-0794,9.731571429,8.028714286,6.787142857
NLA06608-0797,8.7,22.2,8.325
NLA06608-0802,3.34,21.96,5.46
NLA06608-0804,0,28.32,7.74
NLA06608-0805,4.618333333,21.27666667,7.518333333
NLA06608-0806,5.333333333,17.9,6.616666667
NLA06608-0807,6.15,22.65,8.6
NLA06608-0808,3.425,25.675,7.1
NLA06608-0809,3.305,20.28,8.13
NLA06608-0811,2.61,15.1,7.72
NLA06608-0812,3.22,23.38166667,6.618333333
NLA06608-0815,3.556666667,27.12833333,6.101666667
NLA06608-0820,12.33333333,26.63333333,8.133333333
NLA06608-0823,3.726315789,17.08421053,8.211578947
NLA06608-0824,3.1275,24.0925,7.753333333
NLA06608-0825,7.32,21.3,8.72
NLA06608-0827,6.428571429,24.3,8.342857143
NLA06608-0828,3.966666667,28.51666667,7.016666667
NLA06608-0830,6.2,15.7,8.7
NLA06608-0831,0,15.51904762,6.20952381
NLA06608-0833,8.23,17.58,8.48
NLA06608-0834,4.679166667,20.8625,7.929166667
NLA06608-0836,11,23.225,10.2
NLA06608-0837,4.2,22.825,9.075
NLA06608-0842,8.85,7.675,7.983333333
NLA06608-0843,7.057142857,29.3,7.385714286
NLA06608-0846,8.133333333,20.05,7.883333333
NLA06608-0847,5.33,25.158,8.398
NLA06608-0849,9.126923077,13.86153846,7.3
NLA06608-0850,4.229166667,17.725,8.308333333
NLA06608-0851,9.175,17.8,8.2525
NLA06608-0856,2.951,21.657,7.18
NLA06608-0857,0,25.21428571,7.414285714
NLA06608-0859,2.18,14.41,7.57
NLA06608-0860,4.036842105,26.08947368,7.878947368
NLA06608-0862,4.575,18.05,6.775
NLA06608-0863,5.014285714,23.9,7.157142857
NLA06608-0864,5.033333333,22.5,8.279166667
NLA06608-0865,7.416666667,29.45,8.533333333
NLA06608-0868,0,27.92,8.72
NLA06608-0869,2.425,23.95,5.525
NLA06608-0870,11.04137931,10.87931034,7.779310345
NLA06608-0871,8.266666667,21.1,8.666666667
NLA06608-0872,3.95,25.63333333,7.2
NLA06608-0873,8.083333333,17.43333333,8.266666667
NLA06608-0874,4.246153846,13.4,7.538461538
NLA06608-0875,5.3,20.01428571,7.328571429
NLA06608-0877,8.188,30.68,8.136
NLA06608-0878,3.081875,19.0625,7.85625
NLA06608-0880,7.183333333,24.36666667,8.716666667
NLA06608-0881,4.415384615,21.39230769,8.069230769
NLA06608-0885,4.014285714,25.31428571,7.485714286
NLA06608-0889,6.8,22.06666667,7.85
NLA06608-0890,4,19.3,6.622222222
NLA06608-0891,7.516666667,24.91666667,8.716666667
NLA06608-0893,3.6,18.82727273,7.827272727
NLA06608-0895,6.5775,21.5125,8.51
NLA06608-0899,9.356,18.808,8.712
NLA06608-0900,2.577777778,21.35555556,8.822222222
NLA06608-0904,6.64,28.18,9.84
NLA06608-0905,8.381818182,14.63636364,7.336363636
NLA06608-0906,6.882857143,7.411428571,7.631428571
NLA06608-0913,10.23333333,14.73333333,8.526666667
NLA06608-0914,6.152857143,20.02857143,6.19047619
NLA06608-0915,6.733333333,22.3,8.4
NLA06608-0916,6.618888889,12.84444444,7.343333333
NLA06608-0918,6.120606061,14.51515152,6.457878788
NLA06608-0921,0,25.75285714,7.617142857
NLA06608-0922,8.017857143,11.36785714,8.271428571
NLA06608-0924,10.66666667,25.1,9.6
NLA06608-0925,7.755,23.59,8.375
NLA06608-0926,4.5875,13.91666667,6.2
NLA06608-0927,6.695,24.45,9.075
NLA06608-0929,8.266666667,13.51111111,8.377777778
NLA06608-0930,8.702564103,11.43333333,6.406410256
NLA06608-0933,5.2125,24.15,8.1
NLA06608-0934,9.715151515,12.13030303,6.348484848
NLA06608-0935,3.088888889,20.51111111,8.4
NLA06608-0938,5.621052632,17.59473684,7.821052632
NLA06608-0940,9.4,25.8,9.55
NLA06608-0942,5.759090909,11.08181818,7.422727273
NLA06608-0943,4.25,21.79,5.926296296
NLA06608-0944,4.483333333,21.66666667,7.4
NLA06608-0946,6.722,24,7.336
NLA06608-0950,4.643636364,20.51767677,8.212727273
NLA06608-0955,7.468181818,11.9,7.581818182
NLA06608-0957,7.95,18.41125,6.99
NLA06608-0958,5.442857143,21.75714286,7.671428571
NLA06608-0961,6.157142857,23.92857143,7.228571429
NLA06608-0962,8.323076923,14.39615385,8.042307692
NLA06608-0967,5.15,25.475,8.175
NLA06608-0968,5.75,26.3,10.3
NLA06608-0970,9.99,7.408666667,6.693333333
NLA06608-0971,8.188888889,24.71111111,8.444444444
NLA06608-0972,5.253333333,26.95,7.39
NLA06608-0974,5.203333333,13.12133333,7.271333333
NLA06608-0979,6.371428571,15.34285714,8.228571429
NLA06608-0980,7,28.33333333,7.533333333
NLA06608-0982,5.947058824,12.87647059,6.752941176
NLA06608-0984,3.32,26.72666667,7.19
NLA06608-0986,6.976666667,28.09666667,7.503333333
NLA06608-0987,2.48,14.92,7.68
NLA06608-0989,4.285714286,25.57142857,6.771428571
NLA06608-0990,4.916666667,25.06666667,8
NLA06608-0993,8.490909091,15.2,7.230909091
NLA06608-0994,3.93375,17.32625,5.7875
NLA06608-0996,10.925,21.1,9.6
NLA06608-0997,6.95,18.55833333,8.141666667
NLA06608-1001,0,24.85,5.1975
NLA06608-1002,12.075,18.6,10.025
NLA06608-1003,5.422222222,22.55777778,6.933333333
NLA06608-1005,1.75,26.025,6.45
NLA06608-1006,7.48,18.14,8.91
NLA06608-1007,4.4,23.6625,7.8375
NLA06608-1008,6.677777778,20.67777778,8.355555556
NLA06608-1010,4.482352941,24.76470588,7.684705882
NLA06608-1012,0,0,0
NLA06608-1014,2.35,11.69090909,7.445454545
NLA06608-1015,8,27.46,9.68
NLA06608-1016,2.85,26.024,7.03
NLA06608-1018,5.583333333,24.86666667,7.176666667
NLA06608-1022,4.588,21.646,8.438
NLA06608-1024,2.616666667,21.33833333,7.963333333
NLA06608-1034,4.91,16.27,7.84
NLA06608-1035,6,26.9,9.92
NLA06608-1036,3.69,23.16666667,7.376666667
NLA06608-1037,0,21.07777778,8.033333333
NLA06608-1038,5.898,22.58,7.006
NLA06608-1039,3.666,25.912,7.416
NLA06608-1041,2.435,13.915,8.98
NLA06608-1044,5.46,29.14,7.34
NLA06608-1045,8.491304348,15.44347826,7.456521739
NLA06608-1047,3.917647059,24.08823529,6.641176471
NLA06608-1052,6.743333333,25.07777778,8.203333333
NLA06608-1055,5.3,24.0375,9.5875
NLA06608-1056,4.49,22.66,7.49
NLA06608-1057,8.819047619,15.81904762,8.19047619
NLA06608-1058,7.03,15.75882353,7.482352941
NLA06608-1059,8.933333333,24.36666667,8.6
NLA06608-1060,5.283333333,30.18833333,7.95
NLA06608-1070,6.802,23.234,8.47
NLA06608-1073,10.08033333,8.493333333,8.48
NLA06608-1075,8.08,20.5675,5.3025
NLA06608-1083,7.688888889,21.06666667,8.866666667
NLA06608-1086,8.4,19.04285714,8.8
NLA06608-1087,0,28.53333333,6.866666667
NLA06608-1089,5.946153846,17.73076923,8.053846154
NLA06608-1091,8.633333333,22.84833333,8.913333333
NLA06608-1096,6.86,24.32,8.34
NLA06608-1100,5.328888889,23.64444444,7.655555556
NLA06608-1101,0,24.05,8.725
NLA06608-1102,5.5,12.98916667,6.618333333
NLA06608-1103,1.500769231,23.73230769,7.443076923
NLA06608-1107,6.4,21.2,8.6
NLA06608-1108,5.064705882,24.7,8.582352941
NLA06608-1111,5.5,24.2,8.033333333
NLA06608-1113,0,24.02380952,6.576190476
NLA06608-1114,2.814,27.632,6.974
NLA06608-1115,6.833333333,25.43333333,7.666666667
NLA06608-1119,9.771428571,15.1,6.857142857
NLA06608-1120,4.41,28.95,8.12
NLA06608-1122,8.0225,24.375,7.39
NLA06608-1124,9.8,22,9.4
NLA06608-1125,5.525555556,22.05555556,8.075555556
NLA06608-1129,5.157142857,8.928571429,7.914285714
NLA06608-1130,2.9,17.22,6.94
NLA06608-1131,4.479166667,12.69166667,7.745833333
NLA06608-1134,7.266666667,21.98333333,8.816666667
NLA06608-1141,8.728571429,23.30714286,8.067142857
NLA06608-1143,12.3725,21.865,5.925
NLA06608-1145,4.833333333,23.18333333,8.25
NLA06608-1147,6.18,23.47,8.7
NLA06608-1148,2.9,23,9.1
NLA06608-1150,8.242,21.768,7.864
NLA06608-1151,6.12,19.22,7.58
NLA06608-1153,9.881818182,10.36363636,8.027272727
NLA06608-1155,6.358571429,22.96142857,8.735714286
NLA06608-1162,2.85,13.95625,7.5125
NLA06608-1163,4.208333333,14.55833333,7.808333333
NLA06608-1164,3.03,22.483,7.146
NLA06608-1166,9.338888889,16.63333333,5.866666667
NLA06608-1167,6.18125,17.43125,7.88125
NLA06608-1170,6.176666667,11.93666667,8.026666667
NLA06608-1172,3.722222222,18.57777778,7.3
NLA06608-1174,6.971025641,13.18307692,6.492820513
NLA06608-1175,6.9,20.075,8.625
NLA06608-1177,0,24.73333333,5.566666667
NLA06608-1179,8.85,28,8.75
NLA06608-1181,0,29.225,8.25
NLA06608-1183,6.175,11.93333333,6.341666667
NLA06608-1185,6.566666667,30.3,8.7
NLA06608-1189,5.247777778,16.57777778,7.105555556
NLA06608-1190,8.316666667,19.9,7.433333333
NLA06608-1191,1.816666667,28.25,7.533333333
NLA06608-1195,3.76,21.03,7.68
NLA06608-1198,6.933333333,21.41111111,8.682222222
NLA06608-1199,2.269230769,17.21538462,7.684615385
NLA06608-1204,3.773076923,18.9,6.542307692
NLA06608-1206,4.82,24.34,7.02
NLA06608-1207,5.6225,21.5125,8.49125
NLA06608-1208,5.625,26.3,7.95
NLA06608-1209,6.777777778,22.78888889,6.544444444
NLA06608-1210,6.8,18.4,9.2
NLA06608-1217,5.55,24.95,8.8
NLA06608-1219,8.1,16.53333333,9
NLA06608-1220,5.44,28.8,6.76
NLA06608-1222,7.400909091,25.93636364,7.809090909
NLA06608-1223,7.475,24.9,9.65
NLA06608-1224,6.35,27.4,8.283333333
NLA06608-1227,7.957142857,24.65714286,8.214285714
NLA06608-1232,3.945454545,24.23636364,7.981818182
NLA06608-1236,5.94,22.32,8.14
NLA06608-1238,7.331818182,18.52424242,6.700606061
NLA06608-1239,4.466666667,25.75,9
NLA06608-1240,3.229,25.885,7.287
NLA06608-1241,0,22.8,7.175
NLA06608-1242,6.6875,22.075,8.2
NLA06608-1243,2.178571429,15.42857143,7.707142857
NLA06608-1244,7.16,24.94,8.4
NLA06608-1245,0,28.5,4.1
NLA06608-1255,2,21.5,8.095
NLA06608-1256,3.5,24.46,7.66
NLA06608-1258,7.2,19.43333333,6.166666667
NLA06608-1259,8.31,8.88,7.79
NLA06608-1261,10.15,22.25,8.9
NLA06608-1262,7.26,23.9,7.78
NLA06608-1263,0,22.2375,7.55
NLA06608-1266,7.033333333,18.46666667,7.466666667
NLA06608-1268,3.728571429,24.81428571,8.042857143
NLA06608-1269,11.1,24.4,9.3
NLA06608-1270,10.44285714,14.14285714,8.028571429
NLA06608-1271,8.433333333,24.93333333,10.3
NLA06608-1273,0,24.56,9.16
NLA06608-1274,6.86625,22.475,6.94625
NLA06608-1278,8.241666667,20.16666667,8.795833333
NLA06608-1279,4.4,16.175,8.075
NLA06608-1281,10.43333333,22.17777778,8.577777778
NLA06608-1283,2.8,18.75,7.95
NLA06608-1284,6.522857143,15.37714286,7.742857143
NLA06608-1288,5.345454545,29.94545455,7.236363636
NLA06608-1292,2.901,23.03,7.754
NLA06608-1295,6.2,24.75,8.05
NLA06608-1297,10.52,20.36,9.14
NLA06608-1300,2.480769231,20.71153846,7.638461538
NLA06608-1303,3.74,25.025,9.525
NLA06608-1312,8.144444444,23.81111111,8.488888889
NLA06608-1316,0,28.73333333,7.466666667
NLA06608-1319,5.2,21.72,8.3
NLA06608-1321,5.7584,14.656,7.736
NLA06608-1323,3.4,27.19,7.505
NLA06608-1326,7.12,24.22,9.26
NLA06608-1329,6.15,16.55,6.475
NLA06608-1332,0,28.96666667,7.133333333
NLA06608-1333,8.628888889,17.63444444,6.731111111
NLA06608-1334,4.386111111,20.93333333,7.716666667
NLA06608-1336,4.6,23.485,7.405
NLA06608-1338,5.4,22.2,8.966666667
NLA06608-1339,1.625,22.85,8.2375
NLA06608-1342,6.8875,19.3,7.1425
NLA06608-1344,7.3,19.5,8.766666667
NLA06608-1346,5.841666667,23.48,7.628333333
NLA06608-1347,5.516666667,20.75,7.6
NLA06608-1348,6.126666667,15.62666667,7.61
NLA06608-1349,7.485,31.225,8.175
NLA06608-1354,7.424137931,19.47586207,8.355172414
NLA06608-1355,3.25,15.69791667,7.85
NLA06608-1356,3.808,30.558,6.984
NLA06608-1358,8.97,18.42666667,7.786666667
NLA06608-1359,4.4,24.84,8.06
NLA06608-1360,3.3,24.41538462,8.415384615
NLA06608-1364,1.74,25.74,7.76
NLA06608-1365,6.055,21.7,7.463333333
NLA06608-1367,5.49,24,8.83
NLA06608-1368,5.75,25.2,8.05
NLA06608-1369,0,23.74285714,7.457142857
NLA06608-1370,4.514285714,19.75714286,7.685714286
NLA06608-1372,6.718461538,24.81384615,8.126923077
NLA06608-1375,3.95,24.46666667,7.5
NLA06608-1376,5.62,24.21,7.93
NLA06608-1377,3.964705882,8.735294118,7.011764706
NLA06608-1380,6.4375,22.2375,8.375
NLA06608-1383,6.188888889,20.37777778,8.555555556
NLA06608-1387,7.533333333,23.3,8.183333333
NLA06608-1389,10.7,26.61666667,8.583333333
NLA06608-1390,3.711111111,18.03888889,9.311111111
NLA06608-1391,5.302,23.84,7.84
NLA06608-1396,7.557142857,27.27142857,8.171428571
NLA06608-1397,11.375,24.25,8.6
NLA06608-1398,7.833333333,19,7.466666667
NLA06608-1401,8.92,26.72,8.88
NLA06608-1403,4.615384615,19.75384615,8.030769231
NLA06608-1413,5.96,30.5,8.38
NLA06608-1414,6.693333333,23.02666667,7.316666667
NLA06608-1417,7.24,26.169,8.28
NLA06608-1420,6.9525,24.51,7.3125
NLA06608-1421,10.525,28.45,9.2075
NLA06608-1425,3.3,14.3125,7.1
NLA06608-1426,8.866666667,23.5,6.4
NLA06608-1432,0,0,0
NLA06608-1434,8.566666667,26.13333333,8.2
NLA06608-1435,9.233333333,28.9,7
NLA06608-1436,4.372727273,24.89090909,7.936363636
NLA06608-1439,4.627272727,17.39090909,7.7
NLA06608-1445,3.2,22.5,7.8
NLA06608-1446,7.975,18.875,7.275
NLA06608-1447,6.175,20.5625,8.8
NLA06608-1450,5.44375,15.525,7.6875
NLA06608-1454,4.1,24.85714286,8.457142857
NLA06608-1455,7.183333333,18.71666667,8.4
NLA06608-1460,3.075,18.86666667,7.883333333
NLA06608-1461,7.678571429,14.46428571,9.042857143
NLA06608-1462,4.4,20.5,8.3
NLA06608-1465,4.8,14.54,6.333333333
NLA06608-1469,3.03,27.4875,6.4575
NLA06608-1473,4.821052632,14.55263158,6.3
NLA06608-1476,5.533333333,20,8.2
NLA06608-1481,10.02272727,15.58636364,7.504545455
NLA06608-1482,6.98,29.03333333,7.206666667
NLA06608-1483,5.289473684,9.657894737,6.773684211
NLA06608-1484,2.114285714,17.39285714,6.678571429
NLA06608-1487,6.788888889,23.75555556,7.844444444
NLA06608-1488,4.445,27.08,9.235
NLA06608-1489,8,20.04,7.24
NLA06608-1492,3.657142857,21.4,7.828571429
NLA06608-1496,4.35,26.9,7.3
NLA06608-1499,1.885,14.355,7.785
NLA06608-1504,6.14,28.72,8.62
NLA06608-1508,3.14,23.56,8.74
NLA06608-1510,6.38,19.22,8.8
NLA06608-1511,8.116666667,20.31666667,8.683333333
NLA06608-1515,7.633333333,25.16666667,8.333333333
NLA06608-1517,5.4,26.25,6.66
NLA06608-1521,5.266666667,20.38333333,9.666666667
NLA06608-1524,6.078,25.678,7.57
NLA06608-1527,8.05,23.9,9.3
NLA06608-1529,7.64,19.05333333,8.58
NLA06608-1532,4.345454545,17.89090909,6.9
NLA06608-1537,6.034545455,16.56363636,8.036363636
NLA06608-1538,7.061538462,17.39230769,7.453846154
NLA06608-1544,7.65,25.85,8.633333333
NLA06608-1556,5.185714286,28.68571429,7.985714286
NLA06608-1558,8.34,19.5,6.723333333
NLA06608-1560,2.090909091,27.46363636,6.781818182
NLA06608-1561,9.335,18.20875,7.32625
NLA06608-1562,8.1125,14.1875,8.575
NLA06608-1564,3.542,25.496,7.588
NLA06608-1568,6.016,26.158,8.242
NLA06608-1569,6.48,31.56,8.04
NLA06608-1572,0,29.3,8.16
NLA06608-1575,8.057142857,24.3,8.842857143
NLA06608-1576,5.525,28.575,7.725
NLA06608-1577,3.730769231,17.39230769,7.915384615
NLA06608-1578,7.85,20.1,8.1
NLA06608-1579,5.808333333,12.75833333,7.958333333
NLA06608-1586,7.843333333,28.63,6.286666667
NLA06608-1593,4.6625,22.325,8.875
NLA06608-1595,5.38,21.16666667,8.333333333
NLA06608-1596,13,24.6,10.25
NLA06608-1600,5.871428571,22.82857143,9.071428571
NLA06608-1602,5.886666667,16.83333333,8.026666667
NLA06608-1608,2.383333333,29.83333333,5.233333333
NLA06608-1610,8.185714286,8.028571429,7.246428571
NLA06608-1617,6.933333333,21.45555556,7.811111111
NLA06608-1623,3.016666667,28.55,6.883333333
NLA06608-1626,6.164285714,21.17142857,7.635714286
NLA06608-1630,5.55,29.83333333,8.05
NLA06608-1631,5.9,19.15,9.2875
NLA06608-1633,5.371428571,18.28095238,8.233333333
NLA06608-1637,4.3875,17.85,7.45
NLA06608-1638,7.485714286,20.4952381,6.328571429
NLA06608-1640,3.269230769,26.85,7.234615385
NLA06608-1641,7.583333333,16.38333333,7.483333333
NLA06608-1643,4.65,17.4,7.4175
NLA06608-1652,8.277777778,25.32222222,7.988888889
NLA06608-1654,5.97125,20.88875,7.56
NLA06608-1655,6.05,18.7,9.25
NLA06608-1668,3.793333333,25.54,7.913333333
NLA06608-1672,8.05,27.3,8.225
NLA06608-1674,5.19,17.77,8.53
NLA06608-1675,5.375,19.3625,8.1
NLA06608-1679,4.885714286,18.74285714,7.585714286
NLA06608-1684,3.571428571,23.62857143,7.561904762
NLA06608-1687,7.44,25.2,8.52
NLA06608-1690,3.483333333,14.75833333,7.533333333
NLA06608-1695,6.777777778,10.91111111,6.633333333
NLA06608-1703,7.32,22.4,8.46
NLA06608-1704,4.0375,26.9875,7.55
NLA06608-1706,10.225,17.525,8.375
NLA06608-1707,5.65,14.065,7.49
NLA06608-1711,4.201428571,24.50571429,6.547142857
NLA06608-1715,5.28,25.34,7.66
NLA06608-1717,6.843243243,19.76756757,6.891891892
NLA06608-1719,5.75,21.65,9.1
NLA06608-1723,7.34,18.86,8.96
NLA06608-1724,4.32,19.08,5.67
NLA06608-1733,6.64,29.98,8.7
NLA06608-1735,0,0,0
NLA06608-1736,7.028571429,27.32857143,9.914285714
NLA06608-1739,6.65862069,10.22068966,7.096551724
NLA06608-1740,3.1625,28.0875,7.9125
NLA06608-1741,15.46666667,27.3,9.6
NLA06608-1742,7.244,18.547,6.252
NLA06608-1748,6.762068966,9.562068966,7.182758621
NLA06608-1753,12.2875,18.335,9.845
NLA06608-1755,1.70625,13.26875,7.5
NLA06608-1758,8.866666667,23.5,8.966666667
NLA06608-1771,4.01,19.59,7.23
NLA06608-1775,0,27.16,7.5
NLA06608-1781,11.0375,18.75625,7.575
NLA06608-1782,8.2,20.875,7.925
NLA06608-1789,8.06,16.94,6.76
NLA06608-1791,7.254545455,27.90909091,8.081818182
NLA06608-1793,6.85,25.06666667,7.266666667
NLA06608-1800,5.75,28.35,8.025
NLA06608-1802,7.214285714,21.47142857,7.671428571
NLA06608-1804,6.954166667,24.83166667,8.465
NLA06608-1808,4.716666667,26.45,6.1
NLA06608-1810,5.855,26.275,8.2775
NLA06608-1811,7.185,24.85,8.88
NLA06608-1812,0,29.77894737,7.505263158
NLA06608-1818,6.71875,7.04375,6.678125
NLA06608-1821,5.3,29.25,8.7
NLA06608-1824,6.25,25.38,8.05
NLA06608-1825,6.75,28.86,6.42
NLA06608-1835,4.226315789,11.51578947,7.473684211
NLA06608-1836,6.75,25.63333333,9.116666667
NLA06608-1839,2.658,23.334,5.66
NLA06608-1840,4.752857143,28.21428571,9.295714286
NLA06608-1851,6.875,22.9,8.3125
NLA06608-1856,5.345,22,9.8
NLA06608-1857,6.413333333,10.03533333,9.53
NLA06608-1861,5.86,29.54,7.98
NLA06608-1862,7.1,22.45,8.6
NLA06608-1863,4.464285714,29.21428571,6.221428571
NLA06608-1866,9.166666667,24.36666667,8.533333333
NLA06608-1867,4.175,24.425,7.825
NLA06608-1868,3.804,34.017,8.037
NLA06608-1871,3.055555556,19.6,6.4
NLA06608-1873,9.226470588,13.52352941,7.697058824
NLA06608-1874,4.725,19.82,8.05
NLA06608-1879,6.56,20.58,8.62
NLA06608-1884,3.064285714,17.51428571,7.885714286
NLA06608-1893,6.0625,20.025,7.4375
NLA06608-1894,7.866666667,17.3,7.55
NLA06608-1906,6.052857143,25.71428571,6.754285714
NLA06608-1908,6.757142857,26.07142857,8
NLA06608-1910,7.555,22.2,8.785
NLA06608-1930,8.555555556,20.17777778,8.577777778
NLA06608-1936,3.942857143,25.42857143,7.614285714
NLA06608-1948,9.833333333,25.16666667,9.6
NLA06608-1953,6.538461538,15.72307692,8.430769231
NLA06608-1958,8.0125,15.2875,7.415625
NLA06608-1959,8.25,22.65,8.55
NLA06608-1960,5.934285714,28.41857143,7.594285714
NLA06608-1968,9.45,17.2,8.9
NLA06608-1975,3.77826087,21.49565217,8.269565217
NLA06608-1985,8.852,10.7,6.844
NLA06608-1989,5.058333333,20.20833333,8.133333333
NLA06608-1992,4.12,26.2,7.38
NLA06608-1998,6.24,18.54666667,7.333333333
NLA06608-2005,4.95,21.4,8.1
NLA06608-2007,8.1,23.625,8.175
NLA06608-2010,5.522,28.08,7.036
NLA06608-2027,8.666666667,15.63333333,7.533333333
NLA06608-2036,4.1,22.71428571,7.728571429
NLA06608-2037,7.7375,22.1275,8.715
NLA06608-2039,9.7,24.6,9.2
NLA06608-2049,3.445833333,10.0625,7.841666667
NLA06608-2056,2.65,26.73333333,9.266666667
NLA06608-2072,2.483333333,27.3,5.983333333
NLA06608-2074,7.4,28.775,8.375
NLA06608-2076,2.075,21.45,6.241666667
NLA06608-2078,7.914285714,20.78571429,7.985714286
NLA06608-2082,6.213043478,21.3826087,7.608695652
NLA06608-2086,8.083333333,20.31666667,8.15
NLA06608-2087,5.425,25.175,8.675
NLA06608-2091,6.442857143,28.40714286,7.335714286
NLA06608-2092,6.28,26.338,7.026
NLA06608-2094,3.58,26.76,6.92
NLA06608-2095,5.764285714,18.93571429,6.992857143
NLA06608-2103,6.566666667,21.46666667,8.6
NLA06608-2114,5.542857143,19.27142857,6.728571429
NLA06608-2117,8.616666667,27.6,8.9
NLA06608-2120,1.533333333,21.83333333,7
NLA06608-2123,7.464,23.5,9.056
NLA06608-2131,7.83,23.2,8.96
NLA06608-2134,9.475,21.325,8.975
NLA06608-2135,6.183333333,21.11666667,8.383333333
NLA06608-2152,5.954545455,24.16363636,8.127272727
NLA06608-2154,7.925,30.475,8.575
NLA06608-2155,4.021052632,13.46315789,7.847368421
NLA06608-2162,4.544666667,19.47133333,6.722
NLA06608-2170,5.35,14.96666667,9.1
NLA06608-2177,6.194117647,13.59411765,8.1
NLA06608-2185,3.161904762,15.73809524,5.919047619
NLA06608-2187,3,27.26666667,7.59047619
NLA06608-2193,8.4,21.36666667,5.1
NLA06608-2196,5.528571429,30.42857143,8.185714286
NLA06608-2217,6.736363636,14.24545455,8.009090909
NLA06608-2219,6.485714286,28.08571429,8.328571429
NLA06608-2241,2.658823529,9.970588235,7.135294118
NLA06608-2250,7.691666667,14.3,7.041666667
NLA06608-2253,7.725,27.175,7.7
NLA06608-2257,6.8875,17.15,7.0625
NLA06608-2266,7.7,11.83181818,7.336363636
NLA06608-2267,4.3875,20.075,8
NLA06608-2283,4.292307692,19.69230769,7.738461538
NLA06608-2305,3.192857143,15.17857143,6.264285714
NLA06608-2322,4.861538462,17.61538462,8.123076923
NLA06608-2332,6.969090909,26.84545455,8.274545455
NLA06608-2333,10.03333333,25.4,8.4
NLA06608-2345,5.077777778,22.35555556,8.255555556
NLA06608-2354,3.1725,15.728,6.7405
NLA06608-2372,4.1,19.91428571,8.442857143
NLA06608-2379,5.442857143,21.12857143,8.014285714
NLA06608-2418,8.003333333,27.72,7.203333333
NLA06608-2426,8.6,11.2,9.033333333
NLA06608-2429,6.594583333,13.52541667,7.394583333
NLA06608-2438,7.675,14.05,7.725
NLA06608-2450,8.945454545,19.04545455,7.054545455
NLA06608-2453,6.028571429,18.72857143,5.871428571
NLA06608-2457,9.748333333,18.92333333,8.391666667
NLA06608-2463,5.409230769,17.06038462,8.230769231
NLA06608-2477,13.8,23.4,8.8
NLA06608-2481,5.233333333,21.31666667,9.133333333
NLA06608-2492,3.948571429,27.29142857,7.19
NLA06608-2497,7.9,25.76666667,8.033333333
NLA06608-2507,3.2,20.13846154,7.930769231
NLA06608-2513,5.09,14.35,7.815
NLA06608-2523,4.825,23.1375,7.775
NLA06608-2524,3.550909091,26.49181818,7.440909091
NLA06608-2565,6.8725,31.4,6.6
NLA06608-2566,8.02,27.265,7.66
NLA06608-2593,5.72,29.34,8.24
NLA06608-2629,7.98,30.64,8.3
NLA06608-2634,7.88,16.26,6.5
NLA06608-2640,4.160909091,25.26363636,8.071818182
NLA06608-2644,1.6,24.97142857,6.871428571
NLA06608-2655,12.325,18.175,10.125
NLA06608-2657,7.23,30.2,6.866666667
NLA06608-2663,8.4,30.8,8.7
NLA06608-2673,6.3,12.76666667,8.3
NLA06608-2685,4.772307692,10.34615385,5.630769231
NLA06608-2696,8.144,28.954,7.752
NLA06608-2704,6.585,21.80666667,8.51
NLA06608-2708,5.9,24.15714286,8.185714286
NLA06608-2714,6.622222222,23.5,7.844444444
NLA06608-2715,6.6,24.9,8.5
NLA06608-2726,6.033333333,18.11333333,8.166666667
NLA06608-2740,6.558333333,26.28333333,8.241666667
NLA06608-2753,4.0375,15.7375,8.81875
NLA06608-2759,7.4,29.55,8.4
NLA06608-2776,4.3,21.92,7.62
NLA06608-2779,2.878571429,16.42142857,7.614285714
NLA06608-2797,8.96,19.7,8.78
NLA06608-2800,9.077777778,11.4,8.177777778
NLA06608-2801,6.6,23.5,8.333333333
NLA06608-2807,3.541666667,29.05833333,7.791666667
NLA06608-2823,4.821428571,29.01428571,6.824285714
NLA06608-2824,7.783333333,24.18333333,7.816666667
NLA06608-2831,2.369230769,28.08461538,7.569230769
NLA06608-2833,4.863157895,15.67894737,8.194736842
NLA06608-2874,6.075,12.73928571,7.960714286
NLA06608-2881,9.537142857,9.748571429,7.954285714
NLA06608-2889,7.271428571,22.96666667,9.3
NLA06608-2891,3.769230769,15.75384615,7.884615385
NLA06608-2916,5.5,29.44,8.26
NLA06608-2924,4.036363636,26.69090909,8
NLA06608-2954,6.18,21.7,9.42
NLA06608-2955,3.14,28.32,7.7
NLA06608-2972,8.3,25.475,9.225
NLA06608-2987,9.366666667,27.16666667,8
NLA06608-2996,6.4,20.58333333,7.716666667
NLA06608-3032,6.54,20.12,7.9
NLA06608-3035,2.564705882,13.84705882,7.7
NLA06608-3083,2.719047619,28.22380952,7.676190476
NLA06608-3096,3.8375,23.4,7.1375
NLA06608-3121,8.625,20.975,9.7375
NLA06608-3147,3.1,21.14,7.52
NLA06608-3153,7.406666667,10.79333333,7.5
NLA06608-3157,7.344,17.872,7.792
NLA06608-3160,5.671428571,25.52857143,8.5
NLA06608-3169,8.11,29.45,8.8
NLA06608-3228,5.628571429,25.06428571,8.285714286
NLA06608-3265,3.345454545,10.38636364,7.186363636
NLA06608-3303,2.505882353,25.11176471,8.082352941
NLA06608-3313,6.46,22.76,8.8
NLA06608-3320,6.437777778,0,7.112222222
NLA06608-3329,6.883333333,26.05,6.966666667
NLA06608-3480,6.5275,31.15,8.0525
NLA06608-3484,6.775,25.475,9.3
NLA06608-3608,4.15,26.66666667,8.1
NLA06608-3616,4.735555556,26.86,7.953333333
NLA06608-3644,6.933333333,26.3,8.766666667
NLA06608-3656,1.966666667,23.66666667,8.266666667
NLA06608-3660,6.016666667,26.6,7.616666667
NLA06608-3698,7.353333333,25.73333333,6.47
NLA06608-3846,6.790588235,18.75647059,6.184705882
NLA06608-3890,7.446363636,17.81090909,5.831818182
NLA06608-3911,4.971428571,27.84285714,7.042857143
NLA06608-4056,7.965555556,25.15333333,8.284444444
NLA06608-4064,4.08,25.8775,7.6625
NLA06608-4206,5.33375,24.52375,7.7025
NLA06608-4252,4.947826087,9.982608696,7.204347826
NLA06608-4320,4.021176471,27.29823529,7.683529412
NLA06608-4382,2.884285714,24.99571429,7.452857143
NLA06608-4413,7.706666667,25.9,6.223333333
NLA06608-4414,4.935,28.7925,7.6025
NLA06608-4440,4.121818182,23.89727273,7.921818182
NLA06608-4472,7.575,28.49833333,8.428333333
NLA06608-4504,4.436153846,23.61461538,7
NLA06608-4610,2.071,20.991,7.72
NLA06608-4643,4.764545455,28.30272727,7.264545455
NLA06608-4650,5.996,27.768,6.788
NLA06608-4659,5.491428571,23.74428571,7.802857143
NLA06608-4686,6.326666667,30.02166667,6.686666667
NLA06608-4698,3.771428571,26.74428571,7.157142857
NLA06608-4828,6.395,28.065,8.15
NLA06608-4929,2.795555556,24.73555556,7.257777778
NLA06608-4949,7.542666667,29.04266667,7.732666667
NLA06608-9999,9.236,11.252,6.772
NLA06608-ACAD_LAKES_0435,8.42875,26.16875,6.475
NLA06608-ALPS-1218,2.922222222,20.95888889,4.532222222
NLA06608-ALSC:020149,0,10.97647059,6.435294118
NLA06608-ELS:1C2-032,6.414285714,17.48571429,6.5
NLA06608-ELS:1C3-003,6.618,19.536,6.157
NLA06608-ELS:1D1-035,7.37625,24.05125,8.76375
NLA06608-ELS:1D2-087,4.85,26.05,6.445
NLA06608-ELS:1E1-052,7.8825,17.38041667,6.33125
NLA06608-ELS:1E1-096,7.215,22.29,6.485
NLA06608-ELS:1E1-128,5.728181818,18.65181818,6.289090909
NLA06608-ELS:1E2-027,8.75,21.17,7.01
NLA06608-ELS:1E3-002,8.3975,21.1025,8.8675
NLA06608-ELS:1E3-012,8.4,18.18105263,7.498947368
NLA06608-ELS:1E3-071,8.765,20.955,7.985
NLA06608-ELS:2B2-008,1.566666667,8.433333333,5.24
NLA06608-ELS:2C2-048,6.22,20.8,6.46
NLA06608-ELS:2C3-018,6.62,20.06,7.04
NLA06608-ELS:2D3-008,2.242857143,13.8,7.25
NLA06608-EMAP:ME011L,6.185,10.69423077,6.498461538
NLA06608-EMAP:ME012L,0,0,0
NLA06608-EMAP:ME254L,5.556923077,11.85423077,7.012692308
NLA06608-EMAP:ME263L,7.189285714,22.56428571,6.442142857
NLA06608-EMAP:ME518L,8.306842105,14.44105263,6.411842105
NLA06608-FL:107895579,0,29.175,7.85
NLA06608-FL:16674741,0,26.47333333,5.833333333
NLA06608-FL:18261987,0,28.66,4.68
NLA06608-FL:99324403,0,26.3,6.328571429
NLA06608-FL:99344895,0,30.2,6.275
NLA06608-IN:646,5.779166667,11.3375,7.641666667
NLA06608-MI:7007,4.5625,20.9,7.8375
NLA06608-MN:03-0029,6.3,23.27142857,8.185714286
NLA06608-MN:06-0002,10.5,23.52,8.5
NLA06608-MN:11-0102,3.907142857,17.57857143,7.514285714
NLA06608-MN:15-0010,2.715384615,10.24615385,7.569230769
NLA06608-MN:22-0074,6.966666667,21.4,8.6
NLA06608-MN:49-0140,3.759259259,10.13703704,7.818518519
NLA06608-MN:51-0063,8.14,23.1,8.4
NLA06608-MN:56-0306,6.953333333,15.82666667,8.033333333
NLA06608-MN:61-0037,5.235294118,13.68235294,7.994117647
NLA06608-MN:74-0023,5.311111111,20.62222222,7.866666667
NLA06608-MN:75-0200,6.98,22.08,8.46
NLA06608-MN:77-0019,4.038888889,10.98888889,7.605555556
NLA06608-MN:87-0030,6.28,22.9,8.8
NLA06608-NELP-0253,8.808,16.04571429,6.232857143
NLA06608-NELP-0955,9.639428571,13.12428571,7.238
NLA06608-NELP-1041,8.156666667,27.53333333,7.348333333
NLA06608-NELP-1330,5.946153846,13.93538462,6.584230769
NLA06608-NELP-2155,6.694666667,12.97333333,6.907333333
NLA06608-NELP-3355,8.434,19.21,7.224
NLA06608-NELP-3586,10.35622222,9.728222222,6.345555556
NLA06608-NH250L,5.475,21.1375,5.975
NLA06608-NH4912,9.022222222,14.32777778,5.244444444
NLA06608-NV:2,10.46,10.86,8.02
NLA06608-NV:3,9.085714286,12.28571429,8.714285714
NLA06608-NV:4,8.5,17.7,8.866666667
NLA06608-OH:19,10.11666667,26.3,9.3
NLA06608-OH:22,5.466666667,25.54444444,7.9
NLA06608-R10BULLTR,7.346666667,13.23333333,8.4
NLA06608-R10CAPEHO,8.92,17.18,9.26
NLA06608-R10CHARLT,13.63913043,17.92173913,6.730434783
NLA06608-R10COUNCI,12.13846154,14.96153846,8.007692308
NLA06608-R10DEERLA,8.157142857,20.3,7.142857143
NLA06608-R10FISHLA,8.042857143,16.87142857,8.371428571
NLA06608-R10FOURMI,9.312903226,10.83870968,6.367741935
NLA06608-R10RAINYL,8.158333333,8.170833333,7.954166667
NLA06608-R10SQUAWL,5.432142857,10.54285714,8.192857143
NLA06608-R10ULAKE,12.1,20.7,6.25
NLA06608-R10YELLOW,8.552380952,11.83809524,7.442857143
NLA06608-R31,5.85,22.18,8.17
NLA06608-R314,5.255,25.38333333,6.9
NLA06608-R315,4.6125,22.45,6.7875
NLA06608-R318,3.063636364,18.93636364,6.509090909
NLA06608-R319,2.98,21.24,6.42
NLA06608-R32,5.773684211,20.91578947,6.336842105
NLA06608-R322,4.55625,16.0875,6.821875
NLA06608-R323,4.3625,22.1125,7.1875
NLA06608-R324,3.217647059,16.95294118,7.117647059
NLA06608-R326,4.892857143,23.46428571,6.857142857
NLA06608-R328,4.308333333,21.53333333,7.125
NLA06608-R333,3.77,21.44,7.45
NLA06608-R334,4.225,26.775,5.55
NLA06608-R336,6.55,25.31666667,6.583333333
NLA06608-R34,7.814285714,19.57142857,5.914285714
NLA06608-R5:KATHRYN,6.483333333,19.61666667,7.733333333
NLA06608-R5:OTTAWA,5.520833333,13.4125,7.820833333
NLA06608-R7101,10.63333333,17.46666667,9.8
NLA06608-R7103,5.466666667,17.36666667,9.266666667
NLA06608-R7104,8.15,18.35,9.6
NLA06608-R7106,7,19.8,8.275
NLA06608-R715,8.52,24.98,8.56
NLA06608-R716,6.45,25.06666667,8.166666667
NLA06608-R723,6.833333333,27.61666667,8.25
NLA06608-R728,3.314285714,25.28571429,7.842857143
NLA06608-R730,5.62,22.99,7.98
NLA06608-R733,6.227272727,19.94545455,7.463636364
NLA06608-R736,2.636363636,22.77272727,7.809090909
NLA06608-R746,2.04,21.74,7.6
NLA06608-R750,2.64,27.16,7.62
NLA06608-R759,3.462272727,24.83636364,7.763636364
NLA06608-R764,5.683333333,26.46666667,8.133333333
NLA06608-R767,4.833684211,16.34736842,7.625263158
NLA06608-R769,3.862857143,27.45714286,7.802857143
NLA06608-R770,3.398571429,23.48571429,7.79
NLA06608-R772,3.53,19.09,7.12
NLA06608-R775,3.953846154,20.70769231,7.946153846
NLA06608-R784,8.25,16.93333333,8.733333333
NLA06608-R788,5.9,17.2,8.533333333
NLA06608-R791,12.3,15.95,9.8
NLA06608-R792,13.3,18.6,10.1
NLA06608-R796,11.2,15.96666667,10.33333333
NLA06608-TX:10,1.955555556,26.2,7.322222222
NLA06608-TX:14,4.504347826,27.15217391,7.686956522
NLA06608-TX:15,4.216666667,25.49166667,7.058333333
NLA06608-TX:19,3.042857143,24.32142857,6.142857143
NLA06608-TX:22,6.1,27.6,6.416666667
NLA06608-TX:27,3.1,26.5,6.95
NLA06608-TX:29,3.8,27.7875,7.670833333
NLA06608-TX:30,5.725,26.05,7.45
NLA06608-TX:5,4.825,28.56875,0
NLA06608-WI:LOWES,4.757142857,17.28571429,7.642857143
